<?xml version="1.0" encoding="UTF-8" standalone="yes"?>
<addon id="plugin.video.cineto"
	   name="cine.to"
	   version="1.2.0"
	   provider-name="chmee phreekz">
  <requires>
	<import addon="script.module.t0mm0.common"/>
	<import addon="script.module.urlresolver"/>
	</requires>
  <extension point="xbmc.python.pluginsource"
			 library="main.py">
    	<provides>video</provides>
  </extension>
  <extension point="xbmc.addon.metadata">
    <summary>cine.to</summary>
    <description>movies. german and english.</description>
    <platform>all</platform>
  </extension>
</addon>