<?xml version="1.0" encoding="UTF-8" standalone="yes"?>
<addon id="plugin.video.nowtv.de.p" name="NOW TV PATCH" version="1.0.15" provider-name="L0RE">
        <requires>
                <import addon="xbmc.python" version="2.19.0"/>
        </requires>
        <extension point="xbmc.python.pluginsource" library="default.py">
                <provides>video</provides>
        </extension>
        <extension point="xbmc.addon.metadata">
                <summary lang="en">NOW TV media library</summary>
                <summary lang="de">Mediathek für NOW TV</summary>
                <description lang="en">With NOW TV many series, shows, documentaries and magazines can be seen from the program of RTL, RTL II, VOX, N-TV, RTL Nitro and Super RTL.</description>
                <description lang="de">Mit NOW TV können viele Serien, Shows, Dokumentationen und Magazine aus dem Programm von RTL, RTL II, VOX, N-TV, RTL Nitro und Super RTL geschaut werden.</description>
                <disclaimer lang="en"></disclaimer>
                <language>de</language>
                <platform>all</platform>
                <license>GNU GENERAL PUBLIC LICENSE. Version 2, June 1991</license>
                <forum></forum>
                <website>http://nowtv.de</website>
		<email> andreas at vogler dot name</email>
                <source>https://github.com/Countbasic/repository.mediabox.storage/tree/master/plugin.video.nowtv.de.p</source>
        </extension>
</addon>
