<?xml version="1.0" encoding="UTF-8" standalone="yes"?>
<addon id="plugin.video.netzkino_de" name="Netzkino.de" version="0.0.2" provider-name="Tristan Fischer (sphere@dersphere.de)">
    <requires>
        <import addon="xbmc.python" version="2.0"/>
        <import addon="script.module.simplejson" version="2.0.10"/>
        <import addon="script.module.xbmcswift2" version="1.2.0"/>
    </requires>
    <extension point="xbmc.python.pluginsource" library="addon.py">
        <provides>video</provides>
    </extension>
    <extension point="xbmc.addon.metadata">
        <language>de</language>
        <platform>all</platform>
        <summary lang="en">Free german movies</summary>
        <summary lang="de">Konstenlose Spielfilme</summary>
        <description lang="en">Netzkino.de is the first legal and free movie portal in germany</description>
        <description lang="de">Netzkino.de ist das erste und einzige legale + kostenlose Spielfilmportal im deutschsprachigen Raum</description>
    </extension>
</addon>
